Date,Return,Predictions
2024-02-26,0.005829812583374894,0.001821269461028782
2024-02-27,-0.008012480948412226,0.0017427613218503266
2024-02-28,0.008692706144079243,0.0006277423578689663
2024-02-29,-0.003689056427280827,0.0011690608879676306
2024-03-01,-0.01813776275967205,-8.476791372674705e-05
2024-03-04,-0.021037417423643734,-0.00229810613663051
2024-03-05,-0.005613927803585161,0.0017955985569071227
2024-03-06,0.013167642841024526,0.0017119687518270229
2024-03-07,0.003588173651780213,-0.0007576692746434491
2024-03-08,0.008112246284986338,-0.0026843466263748177
2024-03-11,0.011802344358840347,0.0006230253736810332
2024-03-12,-0.0010806789526792333,0.0017937534835325997
2024-03-13,0.019661838731778847,-0.0033041854085805854
2024-03-14,-0.012103109829175396,0.0018348731110067683
2024-03-15,0.0181914816016527,0.0015837956111266832
2024-03-18,0.0063280344857129895,0.001624721522891485
2024-03-19,0.011801489630504832,0.0005954238981036776
2024-03-20,-0.01292864637473238,-0.00036590116156114155
2024-03-21,0.008439986061664332,-0.004425926043716298
2024-03-22,-0.008885915366175742,0.0024946844471621394
2024-03-25,-0.0018453143303232,0.0011601295448662684
2024-03-26,0.007339428138407711,0.0001268092958689164
2024-03-27,-0.003948783675311003,0.0009871686455496789
2024-03-28,0.010302640412693798,0.0016637131190983532
2024-04-01,-0.006784032124506771,0.0012123795584638214
2024-04-02,0.0015925576708514244,0.0013194780055326223
2024-04-03,-0.013114051592737264,0.0024055587024095658
2024-04-04,0.011957213992908944,0.0032072569743749027
2024-04-05,0.002186985308657019,0.0018338041689394402
2024-04-08,0.007508008186532633,0.0019380791591116335
2024-04-09,-0.007053751900743162,0.0021710845966468086
2024-04-10,0.02508233234154174,0.0016023115821888697
2024-04-11,-0.005334374682280226,-0.0056923194346443955
2024-04-12,-0.019879143322986497,0.00028841401965566655
2024-04-15,-0.006621726819783865,-0.0012059739413288362
2024-04-16,-0.0026087701492843265,0.00024953588450604187
2024-04-17,-0.006874009961203316,0.0019045554103834207
2024-04-18,-0.012419502029227591,0.0004570648281710601
2024-04-19,0.007971127740699377,-0.0014215028756928694
2024-04-22,0.011848978098527141,0.000712962396800403
2024-04-23,0.007285080320387142,0.001619139864287867
2024-04-24,-0.013005716118944188,0.002104136141261898
2024-04-25,0.039004775787468415,0.0020811631206640664
2024-04-26,-0.006313186153803422,0.0022550205609150253
2024-04-29,-0.02355767790108802,0.0016360356352086824
2024-04-30,0.004999047847781342,-0.001305789301513899
2024-05-01,0.015406074949276002,0.0023089272728259126
2024-05-02,0.02856907678899656,0.0009791661640762938
2024-05-03,0.004317899468578783,-0.007293727166205186
2024-05-06,0.004126618524128323,0.0005788723990105865
2024-05-07,-0.0020413427433612816,0.004782256892120744
2024-05-08,0.005924762678540659,0.0038984252010552446
2024-05-09,-0.002909549916739381,0.004704968053034478
2024-05-10,0.006030480148939366,0.0025751039443116584
2024-05-13,0.006710869444928121,0.0037880402150129097
2024-05-14,0.01414702863647895,0.004889179048095937
2024-05-15,0.001791064851455045,0.005570183292290563
2024-05-16,0.003032878961310844,0.005173472426114911
2024-05-17,0.007751719845029352,0.004472277150733737
2024-05-20,0.006937532598292773,0.00434070892936874
2024-05-21,-0.004118033464143855,0.0037630219924093145
2024-05-22,-0.015093061820445638,0.003091034115430853
2024-05-23,0.010762017815398798,0.0003413654800990217
2024-05-24,0.0028273588960808413,0.004633712792322146
2024-05-28,-0.0013092970862442026,0.004815350900963526
2024-05-29,-0.01669239968257789,0.00496391903584507
2024-05-30,0.0027979835068748424,0.004841768558054001
2024-05-31,0.003088172031822841,0.0049113933822995184
2024-06-03,0.003798651807921235,0.003675249045076738
2024-06-04,0.012075321853965612,0.004156032006291755
2024-06-05,0.0005437386681719595,0.002872836758785089
2024-06-06,-0.0006767892065340971,0.002965683712530838
2024-06-07,-0.0017865764696850157,0.002706682782423325
2024-06-10,0.031030140431358284,-0.0026705024064589125
2024-06-11,0.018190193254697062,-0.009552463163054819
2024-06-12,-0.002707557436900987,-0.00369799635054388
2024-06-13,0.0011263805784210712,-0.0032339262178673065
2024-06-14,0.011774154007955895,0.0011719025662821397
2024-06-17,-0.009214221084963023,-0.0003156481311957334
2024-06-18,-0.005345317891713035,0.0028002927180230046
2024-06-20,0.00586604194873656,-0.0034086600117359082
2024-06-21,-0.001280315984765153,0.00011979628619380287
2024-06-24,0.012877739263591703,5.0194313909856795e-05
2024-06-25,0.007287126628369278,-0.0002456384754982127
2024-06-26,0.004610963787173479,-4.188892322324695e-05
2024-06-27,-0.015621845517829636,0.000571533651223034
2024-06-28,0.018532639568545523,-0.0037385158373295702
2024-07-01,0.011372950243573099,-0.0005812741499914378
2024-07-02,0.0040620602238221615,-0.0005738670554902713
2024-07-03,0.020693453529744943,-4.906163307922962e-05
2024-07-05,-0.001507104454845254,-0.004398198605586509
2024-07-08,-0.003619991729226705,0.00017945472494492829
2024-07-09,0.015015528749905119,0.0008905849175797657
2024-07-10,-0.025778978086502275,-0.0006192173719065205
2024-07-11,0.0026090988304845095,-0.00394477333894318
2024-07-12,0.008512024025227438,0.0011090824579830893
2024-07-15,-0.007327076973627851,7.53299230116603e-06
2024-07-16,-0.01813705983042165,0.00201682736143311
2024-07-17,-0.01534424604248256,-0.0031368241529983166
2024-07-18,-0.0023306401214191843,-0.003963913934114257
2024-07-19,0.011449497283940254,0.001992511428117712
2024-07-22,0.003220359526857619,0.0005544145971949635
2024-07-23,-0.03833233752328632,9.066275696998937e-05
2024-07-24,-0.020092302286089676,-0.0012371597674231448
2024-07-25,0.005635616534916288,-0.00022159614816398942
2024-07-26,0.006622516944523389,0.002356502769813155
2024-07-29,-0.0006264533373278406,0.0012735236173680897
2024-07-30,0.0038417408882330064,0.0015998224128635752
2024-07-31,-0.008087261298330298,0.00150183227589628
2024-08-01,-0.012602238596130225,-0.002009267507553585
2024-08-02,-0.04176195163525379,-0.0004972408115669111
2024-08-05,-0.0014965209698439101,5.696327565597246e-05
2024-08-06,0.004550645682366332,0.008071522922650318
2024-08-07,0.015588810686162802,0.001811409351872449
2024-08-08,0.010709009679108558,0.0003261577358202525
2024-08-09,0.00021458525979885698,8.172202414110036e-05
2024-08-12,0.01547153152402562,0.000967021637057376
2024-08-13,-0.004723258701451553,-1.6468223707504665e-05
2024-08-14,0.010384453139709334,0.0016369751375759011
2024-08-15,0.0033765394084173117,0.0008680485055199162
2024-08-16,0.009790265142368101,0.00108886227631012
2024-08-19,0.004520750026470788,0.0007982334164336636
2024-08-20,-0.003331591336804829,0.001064297014255834
2024-08-21,-0.0136244167613635,0.0006803018356608272
2024-08-22,0.00812776892387331,0.0023610329748848724
2024-08-23,-0.001052758334875022,0.000755879064048668
2024-08-26,-0.0014396751841271687,0.0014046874832101296
2024-08-27,-0.008565014693469672,0.0014850175187532991
2024-08-28,0.004712308674108767,0.0010930682296277543
2024-08-29,0.005394387714397264,0.0004771525704043348
2024-08-30,-0.027503650986912615,0.0010247461851793623
2024-09-03,-0.005240202321951104,-0.0007401269730066782
2024-09-04,0.0035767076187592415,0.001980775899145498
2024-09-05,-0.021196586271152024,0.0011867543457482125
2024-09-06,-0.000973622248817955,0.0017847894066354585
2024-09-09,0.005647806089307521,0.001574512822978598
2024-09-10,0.01658145122735233,0.0007683040436442173
2024-09-11,0.011069187015230556,-0.0005283157487939072
2024-09-12,0.008367403090906259,-8.391430066357453e-05
2024-09-13,-0.007407677358406269,0.0007787752359328332
2024-09-16,0.006325768682046003,-0.002868885682341249
2024-09-17,0.003697253816333753,0.0011065276014103039
2024-09-18,0.023312193977690576,0.00032219220919108265
2024-09-19,-0.0005935092510651238,-0.007514925745195275
2024-09-20,-0.007420251254980248,-0.0024241527158739154
2024-09-23,-0.0011062466853435742,0.0007813988867239333
2024-09-24,-0.0008257455661086303,0.0007307172966272686
2024-09-25,0.0036357682140584955,0.0010805948869836756
2024-09-26,0.0003519434928528353,2.1248055592848515e-05
2024-09-27,0.013262615289814835,0.0017208195693769954
2024-09-30,-0.014867103906348045,-0.0005970711818965187
2024-10-01,-0.0042364333539672465,-0.0016723277541689785
2024-10-02,-0.002103019317310532,0.002457144244050507
2024-10-03,0.0036966250498759643,0.0002306610880731122
2024-10-04,-0.020874608156084735,-0.00026027871265801004
2024-10-07,0.013205924486344944,-0.0020358021245153474
2024-10-08,0.002666400258411139,-0.0015955583384740508
2024-10-09,-0.0015665870220727591,-0.0002990789760179867
2024-10-10,0.0006020202319854487,0.00153442723053064
2024-10-11,0.011263397854394563,0.0008253385728849619
2024-10-14,0.004367125378820928,-0.0001376727589655281
2024-10-15,-0.005640664874759264,0.00038422314229593984
2024-10-16,-0.0034879762576983295,0.002526088521973463
2024-10-17,0.00624662105970164,0.0012149061709249215
2024-10-18,0.003919334236601883,0.0013334797535909703
2024-10-21,0.008248667778420296,0.000965036189223762
2024-10-22,-0.01424027054335216,0.0013022532211302753
2024-10-23,-0.0002952475833658171,-0.0021148956751046413
2024-10-24,0.0091221239463161,0.0014727586315663082
2024-10-25,0.0045764955143996104,0.000753798941147561
2024-10-28,0.010491913004454512,0.0006092410150558114
2024-10-29,0.0047451482134153915,0.001495408323605971
2024-10-30,-0.032646323833665246,-0.0030907572716210303
2024-10-31,-0.0007782820291613405,-0.0019069492903657497
2024-11-01,-0.006886665873813369,-0.0017959113514674134
2024-11-04,0.005595120660964274,0.0015827086838040275
2024-11-05,0.019270129825522675,-4.127824215582637e-05
2024-11-06,0.019296012421080144,0.000735373455513249
2024-11-07,-0.007086420533025699,0.0013210939230048596
2024-11-08,-0.003845179235516157,0.0013979558806253443
2024-11-11,0.006350341864571396,0.0001282620155927019
2024-11-12,-0.001995864957276957,0.00039298580349823436
2024-11-13,-0.0002343239232284929,0.004719665165020839
2024-11-14,-0.01985351669163175,0.003262060815891369
2024-11-15,0.010514754050511277,0.003626550458631835
2024-11-18,0.007369836858691636,0.004653467809362213
2024-11-19,-0.004788508483302219,0.0034857570624876434
2024-11-20,-0.017953789683493666,0.0027704244404581258
2024-11-21,-0.0004034967758737018,0.004770869871733333
2024-11-22,0.011628051248417703,0.0015373526089076338
2024-11-25,0.013380234142291133,-0.0028180805121329816
2024-11-26,-0.0038616915422579425,-0.001195782544365919
2024-11-27,0.0032241535731164137,-0.0014444948538315909
2024-11-29,0.014105036525502065,-0.0016636234488152668
2024-12-02,0.004135860252052592,-0.0030592508355472827
2024-12-03,0.011197525100344366,-0.0024192455792022404
2024-12-04,0.0006966122087536478,-0.002585043829385663
2024-12-05,0.004437912985252941,-0.0022818327821884183
2024-12-06,0.008850847820145816,-0.0031185278684019648
2024-12-09,0.017994831616771956,-0.0027005159684949766
2024-12-10,0.02094913449203384,-0.0031657989442102326
2024-12-11,-0.0034571735701283877,-0.0027011857608011114
2024-12-12,-0.005185493672833423,-0.003075062144188812
2024-12-13,0.019140116280649416,-0.0027432260136300113
2024-12-16,0.0032565273809838833,-0.004713167465308626
2024-12-17,-0.0316351116665358,-0.004474823119393457
2024-12-18,0.0022584579773932134,-0.003603879215144708
2024-12-19,0.011071968927756562,-0.0033751734617139925
2024-12-20,0.005598444820309578,-0.005554348380450648
2024-12-23,0.009485393322437622,-0.004335567027137462
2024-12-24,-0.0007339602765101816,-0.004697192437658814
2024-12-26,-0.015021082946292267,-0.005928854210298482
2024-12-27,-0.011462754653729479,-0.004040881842079342
2024-12-30,-0.008346886271272558,-0.0031516600950849405
2024-12-31,-0.01082561311469421,-0.0010470096859831893
2025-01-02,0.0072815426851275955,-0.0037150970737960675
2025-01-03,0.014618615814796806,-0.0019210820741294365
2025-01-06,-0.010401877323810482,-0.0031172963069803837
2025-01-07,-0.0002232367074918029,-0.00162162618308313
2025-01-08,-0.015721810048570206,-0.0019816593676281057
2025-01-10,-0.006636166525346969,-0.004979161089630524
2025-01-13,-0.005163057575959695,0.0012465722102353721
2025-01-14,0.025442849885979852,0.002870197773579635
2025-01-15,-0.019319563666075307,-0.003258735361625
2025-01-16,0.01134471833583639,-0.0019206998066103667
2025-01-17,-0.007563988470878395,0.0022199224291706006
2025-01-21,0.016089184382165483,-0.0005783252249130535
2025-01-22,-0.0005275058730444723,0.003154143162098941
2025-01-23,0.0004656515354478641,0.003445906734862095
2025-01-24,-0.010523078644460079,0.0030253949332608252
2025-01-27,0.027942007632153338,0.0026978756150060888
2025-01-28,-0.0019033168676026262,-0.007274308072935379
2025-01-29,-0.013754200172781839,-0.0059339476487617
2025-01-30,0.0030527710623589055,-0.002021515434321003
2025-01-31,-0.019168512420023303,0.0012013322240658102
2025-02-03,0.016709730234289937,0.00021675199559019684
2025-02-04,-0.02403675709291871,0.004250017386636228
2025-02-05,0.003586353613504493,0.0045250686735864055
2025-02-06,-0.02374626314193921,0.003312237676587984
2025-02-07,0.004437459113006008,0.0021087510892763934
2025-02-10,0.0045908216791941125,0.00423367807589679
2025-02-11,0.0010698437020346303,0.005128265255624942
2025-02-12,0.012373225268275112,0.0020377867571090996
2025-02-13,0.0008940577162609801,-0.006387779700256126
2025-02-14,-0.0018169521132387716,-0.004303625303676077
2025-02-18,0.007440533633677804,-0.0010955093341127452
2025-02-19,0.0017929935459353545,-0.0014705434184007799
2025-02-20,-0.0155737341236164,-0.0014680154686181044
2025-02-21,-0.002094321148525332,-0.0018307656937259712
2025-02-24,-0.012236272077516689,-0.0013948564284298754
2025-02-25,-0.012591860801326868,-0.0011629454414494643
2025-02-26,-0.018410682011545942,-0.0040168108172636795
2025-02-27,0.013685933478736331,0.001993245058214945
2025-02-28,-0.01878969302991725,-0.0017757769682584417
2025-03-03,0.004966105191243446,0.001271500712189638
2025-03-04,0.01447186662358572,0.003664757748702986
2025-03-05,-0.005303442558761658,0.0017302012090669948
2025-03-06,0.005211193298130616,0.001919793932904229
2025-03-07,-0.04225715173299127,0.00282414484487263
2025-03-10,-0.013153102380085454,-0.0016575129594212543
2025-03-11,0.0028828394243969324,0.0057676538466677925
2025-03-12,-0.02380516366415808,0.006301000591572192
2025-03-13,0.02026353561457143,0.013587772761947434
2025-03-14,-0.0015006908613979981,0.008174748258936881
2025-03-17,-0.013827405483210523,0.005616573478854305
2025-03-18,0.01441412720638994,0.007247072405477872
2025-03-19,-0.004824751570732329,0.007688251371788811
2025-03-20,0.012737489883709227,0.00545376071368204
2025-03-21,0.012807782391012656,0.007595367735856679
2025-03-24,0.012049672493853544,0.007332461405358559
2025-03-25,-0.018434144037610418,0.005694588849752539
2025-03-26,-0.0016825930552600103,0.006668755920531953
2025-03-27,-0.03516518799448609,0.00791997116415807
2025-03-28,0.004139743695827036,0.0035329782895538037
2025-03-31,0.012866792888945358,0.007148347331715706
2025-04-01,0.0009381710812742897,0.009004297485029324
2025-04-02,-0.05211023689629831,0.00826393804812958
2025-04-03,-0.04747454319415778,0.012971020099859178
2025-04-04,-0.01144612905190782,0.02353358712032623
2025-04-07,-0.024336312467214054,0.012628642475553885
2025-04-08,0.11714875451119096,0.014793072980775588
2025-04-09,-0.03430396245697017,0.01322046617963255
2025-04-10,0.029160349699627625,0.009512953984508268
2025-04-11,0.010896166274801944,0.012618483269914639
2025-04-14,-0.00819688195620479,0.004699381913608752
2025-04-15,-0.03153468638497262,0.0055851995545373135
2025-04-16,-0.0035030903686342763,0.01179621082963281
2025-04-17,-0.02200925469283928,0.016238648346375315
2025-04-21,0.02707984892232999,0.016140501140796848
2025-04-22,0.023528053750904387,0.007254667053279113
2025-04-23,0.026068807327454053,0.0025527352968744456
2025-04-24,0.010980373890767817,0.0023800265948722573
2025-04-25,-0.0019956759939662914,0.006247383903086484
2025-04-28,0.0032176078011229383,0.00850360226953405
2025-04-29,0.00023741854690958095,0.008888602041617469
2025-04-30,0.03195181485011056,0.0074035954444332175
2025-05-01,0.0009295005092973355,0.0056911335798411795
2025-05-02,-0.00943879607301068,-0.0002355826598425475
2025-05-05,-0.004811955096616138,0.004373587563854026
2025-05-06,-0.02796310849309247,0.005112072936829634
2025-05-07,0.012199428864035763,0.005651653682470627
2025-05-08,-0.0011242977434298511,0.0060184917874059165
2025-05-09,0.04150951042075235,0.0067817656279014395
2025-05-12,0.005545887636626705,0.0022592485989683035
2025-05-13,0.014083444389361746,0.0018700687702644396
2025-05-14,-0.003471571971173204,0.00502471229505887
2025-05-15,0.005072716157428103,0.006521845448258343
2025-05-16,0.0001643414571275148,0.00723502494678219
2025-05-19,-0.008697792224678702,0.006876541353735289
2025-05-20,-0.002450468148241199,0.006984327244591742
2025-05-21,0.005050673411269709,0.0033895114975085096
2025-05-22,-0.018192977011010487,0.005436975715407099
2025-05-23,0.02497999973725899,0.004736502558915823
2025-05-27,-0.0031008681564368055,0.0072349083578680095
2025-05-28,-0.0007866321115819567,0.005723949914604457
2025-05-29,0.0024885562531188343,0.008039162443211744
2025-05-30,-0.0026834723699110663,0.007442801532386385
2025-06-02,-0.0023041390328763325,0.0071901583455003535
2025-06-03,0.0036610045928842463,0.007303105350945279
2025-06-04,-0.0005440264348115879,0.0054203847123639355
2025-06-05,0.018230085217545433,0.006294464322920379
2025-06-06,0.0026764689891508597,0.005604801309823457
2025-06-09,0.005479763503924502,0.004723613392928034
2025-06-10,-0.007527574788670943,0.00579579534131403
2025-06-11,0.0020111153640251698,0.005081962705392834
2025-06-12,-0.009277514146287672,0.006800400651532628
2025-06-13,0.01028383327107174,0.005326712965438151
2025-06-16,-0.00698176949621665,0.005899702580537871
2025-06-17,-0.0018468422249696692,0.0043016637429008275
2025-06-18,-0.007323565852333032,0.006606820870902636
2025-06-20,0.003933481694606944,0.0069225101563207105
2025-06-23,0.004022064903990226,0.007465126835715019
2025-06-24,0.011381037270514685,0.006183433884699362
2025-06-25,0.00816697291042893,0.005916521810879975
2025-06-26,0.008705576342482776,0.00615118145019075
2025-06-27,0.003473736455762211,0.005605294519271229
2025-06-30,-2.4233718827574673e-05,0.005355763676089568
2025-07-01,0.012067777666852075,0.008069258776260156
2025-07-02,0.00866277082720801,0.003022569362430043
2025-07-03,-0.011455070020778835,0.0055477008121346235
2025-07-07,-0.005223133310567303,0.005719919923686308
2025-07-08,0.010738730963481288,0.0071717962563704035
2025-07-09,0.0025483882495434354,0.008128987174852265
2025-07-10,0.0040844732237906856,0.007962768697673884
2025-07-11,-0.0016739512698234666,0.008395336038189458
2025-07-14,0.003446221613431518,0.008210357490152415
2025-07-15,0.003318516860732479,0.007022221631589578
2025-07-16,0.004897533896324228,0.007505916960709516
2025-07-17,0.0034534973087227603,0.007759668054042438
2025-07-18,0.011136660900316805,0.007493619726041332
2025-07-21,0.0020559661415164485,0.006564720770867142
2025-07-22,-0.0019265812271053913,0.007870768793533277
2025-07-23,0.006093597740260377,0.008131006858635399
2025-07-24,0.003785551704092116,0.008217330161070726
2025-07-25,-0.001555497289274436,0.00777962301317745
2025-07-28,0.0012032226087088278,0.008002812770863893
2025-07-29,-0.0017387044018760307,0.005466805505628106
2025-07-30,0.0029454449285349162,0.006464884042648517
2025-07-31,-0.01901298196837368,0.006906213875963439
2025-08-01,0.019346836792360083,0.0026732300338534794
2025-08-04,-0.00624723700950051,0.007731277694094369
2025-08-05,0.017625556979365853,0.006826290073572485
2025-08-06,0.00872540163980288,0.005272159326141958
2025-08-07,0.023198529275925583,0.003150511243682411
